Area_Code,Land_Zoning,Business_Acreage,River_Proximity,Pollution_Level,Rooms_Avg,Old_Units_Rate,Distance_Centers,Highway_Access,Tax_Rate,Student_Teacher_Ratio,Demographic_Index,Low_Status_Pop,Median_House_Value
0.06,17.94,2.52,-0.1,0.24,6.62,65.17,4.18,0.99,295.99,15.27,397.01,5,24.03
0.01,-0.09,7,0.19,0.49,6.33,78.92,4.86,2.04,241.97,17.9,396.97,9.19,21.42
0.09,0,7.24,0.12,0.65,7.24,61,5.1,1.93,241.9,17.77,392.86,4.2,34.67
0.18,-0.08,2.2,0.06,0.58,6.91,45.78,6.09,3.02,222.04,18.57,394.53,2.86,33.42
0.05,0.03,2.11,-0.02,0.48,7.11,54.26,6.13,3.05,221.95,18.77,396.9,5.2,36.17
0.01,-0.01,2.13,-0.1,0.41,6.4,58.72,6.21,3.02,222.07,18.68,394.07,5.12,28.55
0.25,12.48,7.84,-0.04,0.6,6.11,66.54,5.45,4.9,310.89,15.2,395.57,12.3,23.06
0.22,12.41,7.91,0.11,0.43,6.26,96.12,5.95,5.02,311.17,15.36,396.86,19.28,27.11
0.16,12.44,7.92,0.19,0.57,5.51,100.07,6.03,5.15,310.91,15.2,386.53,30.08,16.64
0.22,12.58,7.81,0.15,0.57,6.01,85.7,6.44,5.04,311.02,15.23,386.51,17.13,18.87
0.18,12.55,7.87,-0.05,0.63,,94.42,6.38,5.1,311.08,15.08,392.45,20.57,14.91
0.07,12.4,8.08,-0.11,0.8,5.88,82.87,6.48,4.98,310.94,15.18,396.92,13.28,18.93
0.12,12.51,8.04,0.01,0.56,5.87,39.04,5.27,5.07,311.09,15.26,390.37,15.7,21.68
0.44,0.08,8.18,-0.18,0.49,5.92,61.92,4.7,4.03,306.88,20.84,396.9,8.23,20.28
0.47,-0.17,8.14,0.03,0.54,6.34,84.36,4.53,3.9,307.15,21.02,380.21,10.23,18.35
0.57,0.05,8.15,-0.01,0.36,5.88,56.43,4.51,4.03,307,21.01,395.72,8.32,19.84
0.95,-0.07,8.2,-0.05,0.47,5.8,29.27,4.49,3.9,306.94,21,387.01,6.61,22.92
0.82,0.06,8.04,-0.16,0.5,5.93,81.62,4.13,3.94,306.97,21.1,386.79,14.67,17.63
0.71,-0.08,8.11,0.05,0.49,5.56,36.77,3.82,4.02,307.08,21.03,289.11,11.76,20.15
0.58,-0.18,7.97,-0.05,0.55,5.94,69.41,3.72,4.03,306.94,21.15,390.88,11.29,18.14
1.4,-0.16,8.18,-0.12,0.46,5.41,98.04,3.58,3.88,306.93,20.9,376.51,21,13.42
0.83,0,8.2,-0.29,0.65,5.78,89.22,4.13,4.11,306.98,21.01,392.26,13.74,19.77
1.24,0.03,8.09,0,0.54,6.33,91.58,4.07,4.06,306.88,21.01,397.02,18.73,15.07
0.85,-0.09,8.3,0.18,0.54,5.85,99.96,4.1,3.93,307.18,20.89,394.69,19.95,14.51
0.7,0.06,8.02,0.17,0.51,5.84,94.13,4.42,3.85,306.94,21.1,394.27,16.19,15.69
0.85,-0.17,7.99,-0.05,0.55,5.65,85.67,4.56,3.99,307.08,21.23,303.39,16.52,13.94
0.56,-0.01,8.16,-0.06,0.62,5.55,90.29,4.7,3.96,307.02,21,376.8,14.83,16.59
0.99,-0.12,8.24,0.05,0.45,6.05,88.75,4.54,4.01,306.9,21.05,306.42,17.21,14.63
0.71,-0.07,8.31,-0.1,0.47,6.53,94.25,4.42,3.96,307,21.01,388.05,12.74,18.32
0.97,0,8.09,0.03,0.51,6.77,87.33,4.37,3.8,307.08,20.93,380.06,12,21.02
1.07,-0.09,8.25,0.08,0.4,5.61,94.28,4.27,3.96,306.98,20.82,360.21,22.49,12.62
1.54,-0.04,8.14,0.12,0.46,6.08,100,4.19,3.97,307.12,20.93,376.7,13.07,14.52
1.39,0.1,8.12,-0.01,0.49,5.86,82.02,3.86,4.06,307.1,20.86,232.61,27.62,13.27
1.05,-0.06,8.23,-0.02,0.63,5.73,95.07,3.82,3.93,307.09,21.17,358.82,18.46,13.2
1.7,0.08,8.21,-0.09,0.56,6.01,96.77,3.68,4.17,306.95,20.99,248.29,20.57,13.38
-0.06,-0.11,5.8,-0.08,0.52,,68.37,3.3,4.81,278.89,19.17,396.89,9.59,19.12
0.12,0.05,6.11,-0.02,0.58,5.74,61.42,3.3,5.13,278.94,19.29,377.54,11.46,20.08
-0.12,0.14,6.1,0.04,0.49,5.92,41.66,3.83,4.98,279.02,19.09,397,8.7,21
0.04,-0.25,5.9,0.09,0.54,6.05,30.13,4.06,5.09,279.05,19.12,393.47,10.23,24.81
0.05,74.92,2.99,-0.08,0.42,6.57,21.98,5.53,3.01,251.78,18.31,395.65,4.19,31.04
0.11,75.06,3,0.15,0.45,7.03,15.88,5.59,3.11,252,18.4,395.49,2.03,34.76
0.14,-0.02,6.94,-0.03,0.39,6.63,2.96,5.6,2.96,233.02,17.95,385.37,4.75,26.58
0.13,0.04,6.85,0,0.2,6.14,6.62,5.73,2.89,232.97,17.92,383.46,5.79,25.06
0.13,-0.06,6.84,-0.07,0.43,6.21,6.48,5.59,3.14,233.13,17.91,394.46,7.34,24.72
-0.03,0.01,6.91,-0.24,0.59,6.33,40.12,5.65,2.99,233.04,17.94,389.46,9.63,21.24
0.1,-0.02,7.03,0.09,0.54,5.57,33.81,5.01,3.02,233.13,17.92,397.08,10.13,19.3
0.14,0.12,6.96,0.07,0.54,5.93,33.1,5.22,3.12,232.98,17.8,397,14.21,19.93
0.33,0.03,6.87,-0.03,0.57,6.13,85.39,5.65,2.9,233.09,17.9,392.75,18.77,16.4
0.29,0.03,6.99,0.01,0.46,5.43,95.28,5.98,3.06,233.16,17.79,396.85,30.8,14.44
0.04,-0.04,6.63,0.05,0.47,5.78,62.03,6.15,2.94,233.13,17.91,396.64,16.21,19.55
0.12,20.95,5.75,-0.16,0.38,6,45.69,7.05,3.99,242.89,16.75,395.54,13.37,19.64
0,20.96,5.47,-0.05,0.41,6.15,63.12,6.67,4.01,242.97,17.05,393.94,9.45,20.54
-0.01,21.04,5.6,0.08,0.5,6.51,20.9,6.94,3.85,242.97,16.8,396.94,5.43,24.84
0.11,20.96,5.53,-0.13,0.56,6.12,21.41,6.93,3.92,243.05,16.66,396.88,8.35,23.45
0.12,75.03,3.87,0.03,0.4,6,47.42,7.22,3.14,469.07,21.09,396.87,14.92,18.86
0.11,90.21,1.34,-0.14,0.36,7.19,21.98,8.8,5.09,225.92,17.95,395.75,4.96,35.32
-0.06,85.09,0.69,0.05,0.41,6.25,35.69,9.22,1.99,313.01,17.47,396.81,5.69,24.62
-0.02,99.97,1.35,0,0.47,6.8,40.54,8.3,5.02,255.8,15.04,392.95,3.8,31.56
0.19,25.12,5.13,-0.16,0.31,6.06,29.11,7.73,7.97,284.14,19.54,390.85,6.89,23.34
0.2,24.96,5.18,0.12,0.22,5.92,47.33,6.86,8.14,283.95,19.78,396.89,9.17,19.47
0.1,24.8,5.14,-0.07,0.4,5.86,66.3,7.43,7.98,284.01,19.56,395.14,13.34,18.66
0.15,24.9,5,-0.08,0.33,5.92,93.46,6.82,8.02,283.97,19.66,378.18,14.44,16
0,24.81,5.23,0.02,0.4,6.45,67.79,7.3,8.11,284.11,19.67,396.82,6.65,22.09
0.01,24.96,5.08,0.11,0.44,,43.46,7.9,7.92,283.72,19.69,395.62,9.39,25.18
0.1,17.5,1.22,-0.1,0.37,7.19,59.43,9.14,3.16,216,18.67,393.17,8.16,32.91
0.17,80.17,3.33,0.01,0.54,6.07,17.89,6.72,3.85,336.99,16.03,396.99,4.61,23.43
0.04,80.03,3.52,0.04,0.43,5.73,31.26,6.48,4.16,336.95,16.07,396.92,10.24,19.3
0.16,12.48,6.16,0.07,0.44,5.9,21.51,6.46,3.96,345.17,18.9,396.24,8.2,22.18
0.17,12.58,6.04,0.02,0.47,5.71,36.73,6.5,3.98,344.91,18.91,396.82,13.04,17.46
0.06,12.28,6.04,-0.04,0.3,5.84,33.04,6.51,3.81,345.08,18.91,396.97,8.79,20.81
0.12,0.02,10.78,-0.08,0.52,6.23,6.47,5.27,3.95,305.04,19.24,383.94,6.72,24.31
0.31,0.08,11.02,0.01,0.41,6.02,17.56,5.33,3.9,305.13,19.28,376.84,9.95,21.72
0.09,-0.15,10.85,-0.11,0.48,6,7.85,5.36,3.94,304.93,19.24,390.88,5.58,22.83
0.35,0.11,10.85,-0.29,0.31,6.13,6.01,5.36,3.99,304.93,19.25,377.19,7.52,23.37
-0.18,0.03,12.93,0.04,0.28,6.21,5.88,4.15,5.1,398.11,18.54,395,6.79,24.03
0.18,-0.04,12.85,0.09,0.52,6.27,44.97,4.47,5.02,398.04,18.71,383.17,8.9,21.43
0.11,0.06,12.8,-0.24,0.47,6.22,74.47,4.17,5.03,397.85,18.75,373.38,11.82,19.95
0.06,0.23,12.81,-0.1,0.35,5.92,45.68,4.18,4.89,397.95,18.77,387.1,10.3,20.98
0.07,0.02,12.82,0.06,0.35,6.32,53.74,4.88,4.91,398.04,18.63,386.48,12.53,21.07
-0.11,0.02,12.83,0.21,0.55,6,36.63,4.54,5.18,398.08,18.63,395.89,9.01,20.45
0.02,24.95,4.93,0,0.31,6.79,33.48,5.2,3.93,280.93,18.94,396.84,5.21,27.99
0.08,24.92,4.87,-0.07,0.59,6.51,70.32,5.41,4.17,280.71,19.05,395.79,7.13,23.93
0.18,25.08,4.93,-0.02,0.34,6.28,32.3,5.59,3.98,281.05,19.1,397.04,6.79,24.88
-0.02,24.91,4.85,0.14,0.49,6.17,46.87,5.31,4,280.88,18.96,390.73,7.55,22.84
-0.03,0.01,4.5,-0.06,0.42,6.45,47.95,4.7,3.11,246.8,18.59,396.88,9.6,23.99
0.01,-0.05,4.29,-0.08,0.51,6.7,56.04,4.51,3.13,246.72,18.51,392.31,6.44,26.33
0.14,0.05,4.58,-0.05,0.39,5.94,45.15,4.27,2.99,247.08,18.49,395.98,12.87,22.43
0.1,0.03,4.52,-0.1,0.43,6.13,56.76,3.68,2.96,247.01,18.48,395.26,8.28,22.11
0,0.1,3.51,0.01,0.49,7.05,86.29,3.48,1.99,269.98,17.87,396.81,5.51,23.47
0.1,-0.05,3.12,0.16,0.39,7.22,63.17,3.35,2.03,270.14,17.83,395.98,5.79,28.68
0.06,-0.03,3.62,0.03,0.56,6.49,65.91,3.07,2.09,270.06,18.03,392.28,8.68,22.64
0.14,-0.1,3.4,-0.03,0.44,6.48,74.03,3.17,2,270.16,17.71,393.55,8.05,22.07
-0.03,27.96,15.15,-0.03,0.44,6.45,53.61,3.71,4.06,269.86,18.25,395.15,8.32,22.92
0,28.04,14.94,-0.16,0.36,6.35,28.86,3.69,4.16,270,18.15,396.26,6.15,24.93
0,28.08,15.1,0.09,0.21,6.29,77.29,3.58,4.04,269.84,18.11,396.89,10.7,20.64
-0.02,-0.09,2.78,-0.01,0.43,6.54,57.8,3.53,2.03,275.98,18,357.89,6.63,28.41
0.14,0.09,2.83,-0.02,0.69,,69.43,3.48,1.85,275.98,18.01,391.83,11.32,21.49
0.15,0.14,3.08,0.32,0.52,8.14,76.15,3.54,1.74,276.06,18.29,396.75,4.25,38.78
0.08,0.04,2.87,0.03,0.44,7.78,36.9,3.45,2.04,276,17.98,393.48,3.48,43.8
0.05,0.19,2.91,-0.08,0.42,7.37,62.54,3.48,1.99,276.06,17.89,396.76,6.2,33.11
0.01,-0.08,8.65,-0.04,0.52,6.76,80,2.68,4.95,384.07,20.93,394.83,9.38,27.43
0.07,-0.12,8.61,0.11,0.57,6.83,71.2,2.85,5.02,384.22,20.69,395.65,7.54,26.45
0.19,-0.18,8.58,0.01,0.4,6.42,85.45,2.63,4.99,383.97,20.89,70.63,10.66,18.57
0.13,0.15,8.6,-0.14,0.63,6.17,87.37,2.6,5.11,383.91,20.9,394.6,13.41,19.33
0.12,0.07,8.8,0.09,0.59,6.34,90.08,2.45,5.01,384.02,20.98,392.94,12.31,20.17
0.17,-0.01,8.55,-0.07,0.59,5.96,96.49,2.13,4.93,383.92,21,394.05,16.35,19.49
0.36,0.03,8.58,0.19,0.56,5.86,91.89,2.29,5.1,384.15,20.85,395.61,18.82,19.5
0.15,-0.11,8.67,0.11,0.52,6.22,85.14,2.08,4.98,383.97,20.88,387.97,14.18,20.41
0.15,0.24,8.67,-0.04,0.59,6.37,97.14,2.47,5.05,383.94,20.82,395.11,12.37,19.75
0.26,0.01,8.68,0.13,0.58,6.27,91.25,2.6,4.95,383.95,20.79,391.23,15.52,19.31
-0.08,0.01,8.62,0.01,0.48,6.38,54.33,2.82,4.94,384.07,20.93,393.51,12.83,21.52
0.1,0.07,9.9,0.09,0.49,6.69,81.53,2.59,6.01,431.98,17.67,395.72,10.36,22.73
0.13,0.05,10.17,0.05,0.56,5.83,92.89,2.37,6,431.94,17.76,394.99,16.2,18.85
0.47,0.02,9.9,-0.08,0.7,6.03,95.31,2.58,6.05,432.17,17.7,396.85,17.02,18.63
0.12,-0.08,10.04,-0.06,0.42,6.15,84.28,2.26,5.97,431.91,17.85,388.64,10.49,18.48
0.2,0.05,9.93,0.1,0.4,5.85,88.16,2.25,5.82,432,17.98,344.88,15.88,18.35
0.13,0.19,10,-0.03,0.56,6.14,72.21,2.75,5.96,432.07,17.67,393.2,12.04,21.25
0.03,0.13,10.04,-0.04,0.55,5.88,82.56,2.97,6.08,431.84,17.61,394.51,10.43,19.09
0.24,0.16,10.04,-0.1,0.56,5.87,73,2.44,5.97,432.05,17.79,338.57,15.48,20.5
0.22,-0.05,10.05,0.04,0.57,5.82,65.04,2.69,5.98,431.89,17.8,391.35,13.5,19.41
0.15,-0.1,25.81,0.21,0.56,5.78,69.58,2.3,2.1,188.08,19.12,389.28,14.3,21.89
-0.02,-0.01,25.7,-0.11,0.73,6.16,84.11,2.23,1.93,187.9,19.06,377.62,14.37,20.22
0.23,0.01,25.63,0,0.42,6.01,93.03,2.21,1.85,188.07,19.08,377.96,17.66,20.62
0.01,0.11,25.75,0.14,0.5,5.96,97.03,1.82,1.98,188.11,19.14,370.29,25.4,17.29
0.16,-0.17,25.77,-0.01,0.57,5.81,95.74,2.08,1.95,188.09,19.2,379.39,17.44,18.58
0.39,0.15,25.53,0.05,0.42,6.07,88.45,2.05,1.9,188.03,18.9,384.85,14.76,21.26
0.29,-0.02,25.71,-0.11,0.56,5.5,95.55,1.74,1.98,187.98,19.06,359.32,27.23,15.68
0.2,-0.04,21.96,0.04,0.79,5.78,95.93,1.82,4.05,436.94,21.22,392.01,17.15,16.08
0.34,-0.1,21.86,-0.02,0.63,6.45,98.68,1.92,4,437.15,21.11,397.07,15.33,17.96
0.83,-0.17,22.03,0.1,0.65,5.69,94.52,2.07,4.03,436.93,21.37,396.95,18.23,14.3
0.18,0.08,21.87,0.12,0.5,6.34,98.86,2,4.18,436.9,21.14,395,12.83,19.35
1.2,0.01,21.9,0.26,0.56,6.24,97.72,2.35,3.97,437.07,21.2,396.83,12.45,19.57
0.48,-0.13,21.87,0.06,0.59,6.43,97.89,2.32,4.03,436.92,21.26,385.75,11,23.11
0.38,-0.13,21.89,0.03,0.59,5.73,95.36,2.48,3.95,436.9,21.14,388.75,15.19,18.54
0.88,-0.03,21.78,0.02,0.75,5.8,98.31,2.35,3.92,436.86,21.02,262.76,17.27,15.74
0.71,0.17,21.75,-0.04,0.68,,98.26,2.1,3.94,436.95,21.16,394.65,16.97,18.13
0.24,-0.03,22.05,0.03,0.51,6.03,93.37,2.09,3.95,436.99,21.3,378.26,16.89,17.2
0.32,-0.15,21.81,-0.03,0.65,6.33,98.48,1.84,4.04,437.02,21.17,394.02,14.52,17.15
0.33,-0.02,21.79,0.02,0.67,5.91,98.1,1.56,4.23,437.1,21.12,392.01,21.42,13.4
0.42,-0.03,21.67,0.13,0.74,6.21,97.82,1.63,3.93,437.05,21.29,396.69,18.47,17.79
0.31,-0.27,21.83,-0.1,0.78,6.1,93.45,1.63,3.96,436.98,21.17,388.18,24.11,14.17
1.76,-0.01,21.76,0.11,0.52,5.08,99.95,1.56,3.99,436.98,21.15,396.93,34.28,14.49
3.16,-0.02,19.74,1.13,0.79,5.43,100.1,1.38,5.04,403.05,14.71,396.82,26.73,13.46
4.12,0.07,19.68,-0.01,0.75,5.41,100.05,1.33,5.03,403.13,14.78,397.09,26.26,15.71
2.81,0.18,19.51,-0.21,0.85,4.8,97.9,1.59,5.13,403.01,14.94,396.91,29.29,11.83
2.46,0.11,19.81,-0.06,0.92,5.93,100.05,1.45,4.76,402.95,14.78,172.81,27.68,13.55
2.03,-0.03,19.68,0.13,0.97,5.66,99.89,1.64,4.76,402.9,14.82,169.36,16.62,15.55
2.24,-0.11,19.55,0,0.86,4.77,95.67,1.45,4.95,402.86,14.65,391.75,29.67,14.72
2.38,0.26,19.33,-0.1,0.84,5.2,93.72,1.58,5.11,403.07,14.6,357.03,28.44,17.72
2.76,0.01,19.81,-0.05,0.89,5.57,95.03,1.61,4.84,403.06,14.71,351.81,21.45,15.38
1.68,0,19.44,0.08,0.79,6.19,97.18,1.74,4.7,403.06,14.71,372.85,14.09,21.4
1.53,0,19.42,0.05,1.08,5.37,100.09,1.7,5.06,402.99,14.59,341.57,13.47,19.78
1.06,0.02,19.68,0.98,0.71,4.98,88.09,1.7,5.02,403.14,14.68,343.34,12.17,15.47
2.17,-0.01,19.82,-0.04,0.89,5.78,98.68,1.59,4.89,402.95,14.74,261.76,15.76,19.31
1.44,-0.06,19.72,0.96,1.07,6.16,95.96,1.69,4.9,403.1,14.74,320.98,14.98,17.01
3.46,-0.05,19.64,0.91,0.87,6.18,82.67,1.78,4.9,403,14.75,88.18,15.06,15.53
2.63,0,19.64,0.16,0.85,5.32,94.23,1.83,5.01,402.94,14.73,88.55,16.22,13.16
1.27,-0.05,19.67,-0.03,0.57,6.79,97.34,1.86,4.94,403.06,14.65,363.37,4.53,41.35
1.22,-0.07,19.66,0.12,0.59,6.14,99.85,1.86,5.05,403.04,14.65,353.85,6.46,24.38
1.49,0.01,19.61,0.15,1.01,6.57,99.81,1.91,4.71,403.04,14.58,364.19,7.35,23.33
1.18,-0.03,19.59,1.1,0.38,6.15,92.67,1.71,4.91,403.01,14.88,338.7,5.48,27.29
1.54,0.15,19.57,-0.04,0.76,7.46,90.61,1.89,4.89,403,14.7,374.41,1.48,49.9
1.95,-0.27,19.5,1.04,0.46,7.8,98.16,2.03,4.97,403.24,14.68,389.62,1.9,49.83
1.44,0.11,19.55,1,0.58,8.36,93.94,2.19,4.95,403.12,14.61,388.44,3.42,49.96
2.34,0.12,19.41,-0.09,0.56,5.89,91.82,2.37,5.08,403.07,14.99,395.1,11.58,22.54
2.97,-0.21,19.57,0.03,0.66,6.24,93.04,2.42,4.81,403.01,14.59,240.16,9.82,24.85
2.09,-0.03,19.48,-0.12,0.45,8.04,96.22,2.09,5,403.1,14.66,369.4,3.62,49.9
1.99,-0.04,19.47,0.12,0.65,5.75,79.33,2.43,5.06,403.05,14.74,227.59,12.18,23.71
2.28,-0.14,19.6,-0.05,0.81,6.38,96,1.96,5.19,403,14.76,297.03,11.08,23.7
2.37,-0.08,19.72,0.02,0.47,6.53,95.13,2.13,4.95,402.97,14.8,330.01,11.23,22.35
1.12,-0.11,19.67,0.03,0.62,5.91,94.52,2.45,5.03,402.99,14.88,292.35,14.56,17.35
2.23,0.18,19.42,-0.03,0.54,5.99,97.38,2.18,4.82,402.68,14.75,348.27,12.12,19.08
0.13,0.09,3.95,0.06,0.55,5.77,88.59,2.7,4.76,296.02,16.49,396.84,14.63,23.19
0.13,0.13,4.14,-0.05,0.51,6.52,84.15,2.63,5.08,295.95,16.57,395.51,9.09,23.52
0.11,0.07,3.95,0.09,0.45,5.88,68.82,3.03,5,296.16,16.63,393.26,9.69,22.57
0.15,-0.11,4.03,-0.13,0.56,6.65,32.98,3.36,5.12,296,16.81,390.86,5.39,29.44
0.07,-0.05,4.11,0.01,0.69,6.03,47.37,3.54,4.86,295.88,16.46,393.23,9.94,23.01
0.2,0.05,3.95,0.19,0.49,6.32,73.55,3.31,5.05,296,16.72,395.45,6.39,24.36
0.04,-0.12,4.06,-0.1,0.58,6.82,74.47,3.01,5.19,295.9,16.62,391.09,6.86,29.93
0.33,0.07,2.33,-0.07,0.36,7.14,58.58,3,3.04,193.05,17.88,396.94,5,37.25
0.13,-0.02,2.4,0.05,0.39,7.68,83.13,2.58,3.03,193.03,17.79,395.52,7.82,40.01
-0.02,-0.04,2.49,0.02,0.54,6.3,62.15,2.42,3,193.1,17.72,396.92,9.48,36.22
-0.02,0.07,2.3,0.04,0.64,7.2,92.13,2.64,2.84,192.92,17.88,394.12,4.78,37.98
0.15,0.04,2.5,0.05,0.52,6.42,95.67,2.91,3.14,193,17.87,396.8,5.46,32.48
0.06,-0.04,2.46,0.06,0.46,5.64,89.69,3.04,2.94,192.86,17.9,391,14.12,26.43
0.13,0.12,2.52,0.11,0.49,5.94,68.88,3.39,3.05,193.07,17.8,386.99,13.02,29.77
0.1,-0.11,2.48,0.04,0.36,7.89,53.74,3.08,2.84,193.05,17.74,392.77,4.35,49.79
0.07,45.06,3.58,-0.02,0.5,6.87,41.17,3.56,4.88,398.05,15.04,393.73,6.65,32.04
0.04,45.06,3.45,0.07,0.53,6.5,29.13,4.65,5.14,398,15.28,382.82,4.7,30.01
-0.07,44.97,3.4,0.19,0.39,7.2,38.8,4.48,4.97,398.04,15.24,396.8,5.47,34.93
0.05,45.03,3.45,-0.01,0.39,7.15,21.42,6.28,5.15,398.16,15.1,377.74,5.08,37.17
0.15,44.87,3.49,-0.1,0.46,6.69,30.92,6.49,4.99,397.97,15.15,389.68,4.72,30.44
0.11,45.09,3.44,0.11,0.39,7.07,26.38,6.56,4.82,398.01,15.15,390.44,2.81,36.4
-0.1,59.98,2.93,-0.01,0.39,6.95,9.9,6.21,1.09,264.89,15.45,393.46,5.04,31.1
0.03,59.95,2.86,-0.22,0.61,6.8,18.76,6.17,0.94,264.91,15.52,376.7,4.39,28.88
0.05,80.1,0.39,0.08,0.4,7.88,31.8,5.63,4.07,255.01,14.29,394.28,3.07,49.88
-0.05,79.93,1.38,-0.05,0.37,7.39,33.99,7.27,2,329.11,12.56,396.8,4.18,33.19
0.06,79.86,1.69,-0.01,0.34,7.24,36.79,7.17,1.85,328.97,12.53,354.17,8.66,30.38
0.04,79.84,1.4,0.03,0.48,7.2,38.17,7.24,2.02,328.98,12.44,392.21,6.58,34.69
-0.08,95.06,1.4,0.02,0.38,6.93,15.32,7.71,3.22,401.96,17.2,396.87,4.63,34.93
0.05,94.87,1.4,0.07,0.34,7.26,14,7.69,3.05,401.95,17.13,384.36,4.44,32.98
0.09,82.68,2.12,-0.04,0.55,6.33,38.27,6.29,1.99,348.03,14.62,393.76,7.32,24.08
0.13,82.29,2,0.05,0.56,7.67,15.72,6.17,2.11,347.85,14.73,395.4,3.07,42.42
0.14,95.17,2.8,-0.03,0.36,7.77,33.29,5.1,4.02,224.13,14.74,392.62,3.82,48.5
-0.12,95.02,2.61,0.07,0.23,8.23,31.9,4.9,4.02,223.93,14.82,390.74,2.97,50.01
0.04,-0.01,10.62,0.06,0.59,5.84,22.59,3.96,3.89,277.07,18.52,396.88,10.85,22.57
0.28,-0.05,10.51,-0.09,0.42,6.29,52.33,4.5,4.02,276.87,18.71,394.94,10.85,24.47
0.3,0.04,10.8,0.11,0.57,5.82,72.81,4.21,4.1,277.07,18.55,389.35,18.07,22.46
0.19,0,10.47,0.95,0.29,6.22,59.08,4.18,3.92,277.07,18.47,381.35,14.67,24.5
0.82,0.11,10.62,1.08,0.58,5.43,100.08,3.91,4.14,277.04,18.67,396.77,23.11,19.89
0.23,0.01,10.65,1.04,0.37,6,92.14,4,3.99,276.9,18.73,393.3,17.36,21.59
0.49,0.02,10.63,1.18,0.56,5.45,88.53,3.62,3.91,277.02,18.86,395.2,24.08,19.37
0.31,-0.04,10.57,0.98,0.49,5.81,53.82,3.58,4.1,276.88,18.48,390.94,15.97,22.39
0.21,-0.01,10.58,-0.03,0.39,6.43,32.11,3.75,3.97,276.97,18.67,385.88,9.32,28.05
0.26,0.03,10.59,0,0.45,5.16,9.86,3.6,4.08,277.1,18.56,348.81,29.45,23.79
0.27,-0.17,10.58,-0.03,0.56,6.15,42.43,4.15,3.97,277.08,18.68,393.56,9.54,24.94
-0.03,-0.13,13.99,1.08,0.56,5.91,56.06,3.14,4.99,276,16.25,392.85,13.65,23.28
0.05,0.07,14.11,-0.16,0.61,6.53,85.21,3.42,5.05,275.9,16.27,392.99,9.66,28.84
0.06,0.02,13.83,0.89,0.75,5.99,93.84,2.92,5.03,276.06,16.32,396.89,17.9,21.65
0.12,-0.02,13.75,0.89,0.39,6.35,92.41,3.36,4.8,276,16.41,393.8,10.65,23.16
0.59,0,6.19,1.1,0.67,7.13,88.41,2.78,7.89,306.77,17.34,391.69,9.76,26.67
0.22,0.03,6.46,1.17,0.52,6.32,91.23,3.13,8.09,307.08,17.47,395.43,21.5,21.82
0.69,-0.05,6.12,0.99,0.42,6.83,77.82,3.29,7.99,307,17.5,390.22,9.81,27.41
0.45,-0.08,6.36,-0.02,0.37,6.6,80.94,3.27,7.95,307.12,17.46,396.91,7.67,30.01
0.27,0.02,6.37,0.01,0.49,8.26,78.28,2.8,7.86,306.89,17.56,384.89,4.05,44.56
0.64,-0.1,6.14,0.12,0.6,8.68,83,3.02,7.89,306.68,17.44,381.75,4.52,50.17
0.39,0.04,6.26,-0.09,0.49,8.06,86.41,3.28,7.8,307.03,17.28,387.41,3.1,37.51
0.3,-0.17,6.36,0.02,0.66,7.09,80.02,3.16,7.99,307.03,17.54,372.09,6.3,31.59
0.23,0.1,6.16,0.1,0.36,7.57,17.07,3.48,7.94,306.83,17.34,377.48,3.9,46.61
0.51,0.05,6.18,0.05,0.5,6.61,21.59,3.33,7.9,306.9,17.49,380.33,3.62,31.57
0.46,0.03,6.14,0.02,0.38,6.04,68.01,3.59,7.99,307.28,17.56,378.66,11.75,24.26
0.48,0.1,6.1,0.1,0.54,7.33,76.86,3.6,8.04,306.97,17.45,376.11,5.36,31.57
0.58,0.17,6.14,-0.27,0.6,8.43,73.32,3.66,8.21,307.07,17.25,385.96,2.28,41.74
0.27,0.1,6.08,0.07,0.46,8.18,70.46,3.7,7.85,306.93,17.31,378.89,4.05,48.16
0.66,-0.18,6.2,0.93,0.25,6.75,66.48,3.47,8.12,306.79,17.53,360.23,7.97,28.92
0.39,-0.13,6.12,-0.18,0.53,6.17,61.41,3.53,8.1,306.98,17.38,376.73,10.97,23.79
0.32,-0.06,6.22,1.05,0.55,6.63,76.59,3.94,7.92,306.97,17.41,388.41,9.53,24.96
0.53,0,6.04,0.14,0.55,7.4,71.67,4.14,8.02,306.96,17.48,390.25,4.73,31.52
0.02,30.05,4.96,-0.01,0.55,6.43,18.41,6.17,5.95,299.99,16.67,379.53,6.34,23.5
0.18,29.93,5.01,0.1,0.32,6.59,42.34,6.16,6.02,300.03,16.63,383.79,7.49,23.15
0.03,30.02,4.73,0.16,0.5,6.88,54.42,6.23,6.15,299.98,16.58,391.02,11.26,22
0.09,29.92,4.97,0.13,0.55,6.02,65.11,6.22,6.06,299.87,16.57,394.58,12.46,20.05
0.15,29.94,5.05,0.16,0.25,6.34,52.91,7.08,6.05,300.05,16.69,373.02,11.33,22.4
0.21,29.86,4.81,0.07,0.46,6.24,7.86,6.98,5.96,299.81,16.66,374.69,5.26,23.88
0.09,21.91,6.03,0.01,0.38,5.54,76.41,7.99,6.85,329.79,19.07,372.6,12.73,17.51
0.16,21.86,5.9,-0.16,0.42,5.58,70.2,7.87,6.98,330.07,19.21,389.27,18.41,18.56
0.29,21.9,5.79,-0.02,0.47,6.08,34.68,8.07,7.12,330.05,19.09,390.2,9.26,24.37
0.13,22.11,5.85,-0.08,0.38,6.2,79.29,8.19,6.85,329.99,19.01,376.06,10.14,20.44
0.34,21.91,5.92,0.22,0.36,6.43,48.94,7.89,6.89,329.86,19.02,374.47,9.64,24.35
0.23,22.26,5.87,-0.02,0.43,6.77,17.65,7.79,7.01,329.93,19,393.81,6.56,26.2
0.01,22.05,5.91,0.01,0.32,6.57,12.97,7.42,6.9,329.97,19.07,396.2,5.86,24.38
0.31,22.02,5.77,0.06,0.32,6.37,8.88,7.37,6.92,329.84,19.22,377.09,3.72,24.76
0.29,21.91,5.88,0,0.5,6.84,6.74,8.91,6.96,329.93,19.02,385.97,3.48,29.64
0.47,22.07,5.72,0.17,0.32,8.15,8.37,8.87,6.86,330.07,19.12,396.87,3.4,42.72
-0.1,79.94,3.63,-0.06,0.46,6.06,32.14,9.2,0.9,315.14,16.33,392.89,6.52,21.78
-0.01,80.01,3.55,0.02,0.44,5.84,18.85,9.24,1.07,314.96,16.37,395.21,9.31,20.91
0.14,90.26,3.68,-0.07,0.22,7.38,34.33,6.24,2.87,244.08,15.75,386.23,3.25,44.04
0.54,19.99,4.09,-0.13,0.58,8.57,86.93,1.7,4.84,263.81,12.98,389.82,5.13,49.88
0.71,20.11,4.08,-0.06,0.77,7.29,99.88,1.76,4.94,264.07,12.98,383.23,7.92,36.09
0.73,19.93,4.03,0,0.55,6.86,99.89,1.85,5.07,263.92,13.05,391.76,6.76,29.92
0.45,20,3.86,-0.04,0.6,7.26,81.97,1.99,4.98,264.03,13.02,392.79,9.55,33.74
0.53,20.18,3.94,-0.07,0.69,7.46,89.31,2.16,4.95,263.98,12.88,388.37,7.23,43.07
0.2,19.94,4.09,-0.14,0.73,8.36,91.38,2.2,5,264.13,13.11,386.88,5.9,48.74
0.72,20.18,3.98,-0.01,0.62,7.23,94.61,2.13,4.83,263.91,13.02,393.56,11.26,30.94
0.52,20.07,4.2,-0.15,0.59,7.2,91.63,1.93,5.05,264.06,13.02,387.87,8.17,36.69
0.64,19.94,4.01,0.08,0.79,5.48,62.71,1.79,5.04,263.97,13,392.39,10.41,22.71
0.95,20.06,3.99,0.01,0.82,7.07,84.62,2.2,4.96,263.98,12.95,383.96,14.8,30.94
0.44,20.1,3.94,-0.15,0.67,8.12,66.9,2.5,5.1,263.98,13.02,384.62,7.44,50.04
0.5,20.06,3.98,-0.03,0.58,7.43,52.71,2.77,4.89,263.92,13.05,390.32,3.07,43.51
0.1,19.84,6.94,0.92,0.38,5.95,61.61,3.96,3.11,223,18.43,391.3,13.64,20.75
0.44,19.93,7.03,0.03,0.38,5.87,42.15,4.34,3.02,222.99,18.55,388.46,12.99,21.35
0.02,19.98,7.06,0.13,0.52,6.51,16.34,4.44,2.97,223.02,18.57,397.04,6.57,25.1
0.23,19.99,6.88,-0.19,0.51,6.57,58.88,3.79,3,223.01,18.63,394.84,7.73,24.29
0.22,20.06,6.83,1.01,0.6,7.59,51.8,4.19,2.99,223.08,18.72,390.71,6.59,35.12
-0.04,40.02,6.23,0.98,0.51,6.75,32.78,4.04,4.12,254.09,17.52,396.94,3.49,32.4
0.14,39.87,6.46,0.07,0.3,6.68,42.84,4.25,3.89,253.89,17.55,396.78,3.11,31.83
0.12,40.04,6.3,1.02,0.55,7.26,49.21,4.75,3.92,254.09,17.55,389.1,5.93,33.2
0,40.06,6.19,0.92,0.35,6.74,27.5,4.74,4.1,253.88,17.52,393.24,4.09,33.27
0.09,40.06,6.45,-0.03,0.41,6.57,32.06,4.1,3.94,254.06,17.57,396.97,7.47,29.12
0.17,20.11,3.58,-0.08,0.47,6.76,32.24,4.13,5.09,216.06,14.98,396.85,4.75,35.07
0.05,20.08,3.33,0.11,0.64,7.81,64.49,4.69,5.17,215.81,14.79,387.6,3.62,45.34
0.1,20.05,3.41,0,0.75,6.9,37.1,5.26,4.96,216.01,14.94,392.13,4.66,35.49
0.22,19.99,3.34,1.19,0.5,7.82,49.81,5.14,5.07,215.95,14.73,376.98,2.8,45.92
-0.11,89.83,1.2,0.99,0.38,7.89,25.03,6,0.88,197.92,13.54,395.46,3.14,50.18
0.22,90.04,3.06,-0.07,0.45,7.27,20.82,7.19,1.08,285.14,15.27,394.74,8.06,32.39
-0.18,55.02,2.22,-0.15,0.48,6.53,31.81,7.36,1.02,299.93,15.47,394.67,8.08,22.03
0,80.03,1.79,-0.18,0.35,6.28,31.35,9.21,1.05,240.92,18.17,341.66,12.73,20.1
0.1,52.37,5.35,-0.16,0.58,6.25,31.33,7.37,5.94,293.01,16.38,396.8,6.99,23.3
0.07,52.39,5.25,0.03,0.43,6.35,45.71,7.3,5.83,293.07,16.4,396.76,7.69,22.41
-0.02,52.61,5.42,0.05,0.45,6.37,22.95,7.26,6.05,292.99,16.6,371.54,9.62,24.72
0.01,80,4.93,-0.16,0.48,6.83,27.9,5.22,3.79,245.12,19.26,396.68,3.28,28.45
0.03,80.07,4.87,0.09,0.45,7.23,27.64,4.97,3.97,245.05,19.24,396.85,3.63,37.17
-0.02,80,5,-0.05,0.49,6.63,23.29,5.02,4.09,244.78,19.22,396.87,4.84,27.94
0.17,0,13.83,0.01,0.38,5.99,18.48,5.46,4.02,288.95,16.12,396.84,8.76,23.97
0.12,0.09,13.92,0.16,0.38,6,42.39,5.63,4.19,288.94,15.95,397.02,10.38,21.57
0.06,-0.05,13.92,0.09,0.33,6.85,30.95,6,4.1,289.05,16.09,397.02,6.04,28.55
0.14,0.01,14.03,-0.03,0.48,6.67,51.16,5.86,3.93,288.74,15.84,392.82,7.31,26.97
0.17,-0.05,13.97,-0.09,0.51,5.78,58.06,6.29,4,289.25,15.91,396.72,15.8,20.21
0.15,69.96,2.24,-0.22,0.45,6.44,20.24,7.77,5,358.05,14.62,368.18,4.94,22.56
0.12,69.97,2.32,-0.07,0.57,7,9.87,7.76,4.84,358.01,14.77,371.52,4.72,28.93
-0.04,70.02,2.38,-0.02,0.4,6.7,47.26,7.93,4.91,358.12,14.8,390.79,6.18,24.77
-0.02,33.95,6.15,-0.1,0.5,6.5,40.39,5.35,6.94,329.23,16.11,395.68,9.63,21.84
0.17,34.13,6.09,-0.01,0.32,6.65,18.45,5.65,6.8,329.09,16.11,383.54,8.65,26.42
0.16,33.91,5.96,0.01,0.39,6.95,17.88,5.57,7,329.09,16.01,390.39,4.97,33.1
0.05,32.98,2.07,-0.02,0.54,7.21,41.17,4.13,6.98,222.01,18.38,393.62,6.97,36.03
0.07,32.96,2.15,-0.07,0.56,6.59,58.08,3.32,6.83,221.99,18.25,393.38,8.94,28.38
0.2,33.14,2.12,0.02,0.44,7.61,71.8,3.08,7.04,221.95,18.54,396.94,6.56,33.42
-0.01,33.02,2.16,0.04,0.46,7.01,70.42,3.04,7.07,221.92,18.37,396.81,7.54,28.12
0.55,0.1,9.91,-0.11,0.39,6.86,82.4,3.27,4.02,303.93,18.35,397.03,4.75,22.65
0.33,-0.15,9.95,0.14,0.51,5.96,76.86,3.15,3.97,303.86,18.56,396.14,9.83,20.48
2.61,0.03,9.89,-0.01,0.63,5,37.77,2.65,4.06,303.99,18.28,350.29,12.59,16.04
0.9,0.09,9.95,0,0.6,5.97,52.96,2.53,4.07,303.83,18.29,396.94,5.97,22.09
0.34,0.01,9.91,0.07,0.59,6.17,90.47,2.8,4.03,304.02,18.29,396.22,11.76,19.5
0.35,0.11,9.7,0.02,0.55,6.15,82.79,3.25,3.92,304,18.39,393.42,8.03,21.95
0.5,-0.05,9.81,0.1,0.54,6.59,87.25,3.46,4.03,304.01,18.44,395.45,9.28,23.68
0.26,0.14,9.89,0.03,0.48,5.6,77.67,4,4.12,303.95,18.47,396.56,11.36,16.24
0.39,0.23,9.78,-0.06,0.61,5.86,83.24,3.93,3.94,304.31,18.66,390.77,18.41,17.73
0.21,-0.04,9.96,0.04,0.59,5.7,71.71,4.01,4.21,304.14,18.18,396.75,16.02,19.75
0.43,-0.04,10.05,-0.11,0.59,6.32,67.14,3.49,3.95,303.88,18.46,395.06,10.17,23.03
0.46,0.15,10.02,0.01,0.49,6.06,58.78,3.92,4,304.02,18.34,396.4,12.73,20.89
0.18,0.16,7.36,0,0.28,6.37,52.31,4.54,4.93,286.94,19.54,396.83,7.04,23.8
0.24,-0.05,7.53,-0.02,0.6,6.46,54.09,4.52,5.02,286.9,19.54,396.82,6.8,22.95
0.27,-0.04,7.39,-0.01,0.45,5.93,49.95,4.68,4.83,286.87,19.51,396.67,7.61,20.49
0.49,-0.03,7.35,-0.19,0.41,5.73,74.2,4.65,4.95,287.04,19.77,391.09,11.82,18.51
0.24,-0.13,7.32,-0.05,0.56,6.54,39.98,4.75,4.89,286.93,19.68,396.88,6.13,25.04
0.07,-0.09,7.35,0.01,0.45,6.38,14.53,5.58,5.01,287.1,19.6,393.75,4.95,24.55
0.42,-0.1,7.34,0.02,0.6,6.24,28.72,5.43,5.1,287.1,19.74,396.76,6.24,22.96
0.32,-0.08,7.4,-0.1,0.55,6.06,43.56,5.52,5.06,287.14,19.45,396.75,12.65,22.23
0.13,0,3.26,0.13,0.53,5.99,25.73,5.08,3.76,429.91,16.77,382.49,10,19.18
0.13,0.02,3.24,-0.09,0.32,6.35,17.4,5.23,4.2,430.05,16.68,375.31,7.26,22.56
0.04,0.16,3.28,0.1,0.58,6.09,32.15,5.76,4.03,430.06,16.83,368.41,9.05,19.71
-0.04,34.9,6.18,0.04,0.46,5.75,28.42,6.49,0.92,303.95,16.92,394.13,12.48,17.01
0.04,35.1,6.15,-0.06,0.4,5.92,23.34,6.57,1.02,303.92,16.91,362.25,7.88,19.19
-0.02,-0.02,5.04,0.18,0.53,6.38,38.11,6.58,5.02,224.16,20.21,389.82,5.81,22.33
0.13,0,4.93,-0.12,0.34,6.35,38.49,6.55,4.93,224.02,20.06,389.39,6.74,20.63
0.02,0.07,5.28,0.09,0.56,6.01,34.38,6.01,5.02,224.06,20.28,396.65,8.04,21.22
-0.05,-0.11,5.05,0.1,0.41,5.79,46.45,5.08,4.94,223.92,20.22,396.88,9.76,19.61
0,0.04,5.17,-0.07,0.38,5.81,59.78,5.6,4.96,223.88,20.27,394.92,10.58,18.37
0.07,0.02,5.07,0.14,0.36,6.11,37.13,4.84,4.93,223.94,20.01,396.05,8.55,20.49
0,0.05,5.01,-0.03,0.63,6.11,45.3,4.83,4.86,223.99,20.23,396.86,9.73,19.26
-0.02,0.03,5.24,0.03,0.45,5.9,58.47,4.63,5.01,223.89,20.08,396.88,9.11,18.88
0.04,35.25,1.6,0.03,0.6,7.29,49.2,6.95,1.06,284,15.46,394.45,5.52,32.7
0.05,-0.06,1.83,-0.01,0.46,6.33,59.75,6.26,1.05,421.83,15.95,390.13,8.69,16.53
-0.03,54.95,3.52,0.08,0.31,6.64,56.33,5.79,5.08,369.89,17.61,396.81,7.11,23.84
-0.02,54.94,3.73,0.08,0.37,6.87,28.32,6.25,5.03,370.07,17.51,388.02,4.48,31.24
0.05,-0.06,4.43,-0.17,0.57,5.92,48.62,8,2.95,352.06,18.8,385.63,10.68,17.43
-0.08,-0.06,4.24,0.13,0.43,5.8,52.32,8.03,3.08,351.96,18.65,364.74,12.72,17
-0.12,85.12,4.17,-0.17,0.37,6.45,27.8,8.62,3.86,350.9,18.02,392.47,6.34,22.97
-0.06,80.14,2.01,0.1,0.45,6.66,29.81,8.41,3.91,279.9,16.98,390.92,5.88,24.5
0.01,39.94,1.31,0.11,0.48,6.92,34.44,8.85,0.9,334.96,19.81,389.76,5.81,26.49
0.09,39.92,1.26,-0.11,0.54,6.27,44.32,8.71,1.11,335.06,19.65,396.98,6.11,22.89
0.23,60.05,1.59,-0.04,0.56,6.37,35.91,10.52,4.09,411.09,18.25,370.59,5.5,23.99
0.16,59.94,1.81,-0.11,0.38,5.82,18.59,10.67,4.05,410.95,18.22,392.39,7.73,18.52
0,90.06,2,-0.02,0.28,6.77,36.11,12.23,5.11,186.88,17.09,384.35,4.55,30.19
0.04,80.02,1.91,-0.03,0.37,5.39,21.74,10.73,3.91,334.03,21.93,382.93,7.97,18.22
0.01,79.85,1.82,0.08,0.44,5.89,19.42,10.66,4.03,333.92,22.06,376.06,5.72,20.6
8.98,0.15,18.06,1.13,0.67,6.16,97.39,2.17,23.99,665.95,20.16,377.79,17.74,17.89
3.82,0.18,18.01,1.14,0.67,6.53,90.99,2.54,24.08,666.13,20,391.35,13.22,21.75
5.23,-0.06,18.08,0.94,0.8,6.09,83.6,2.67,23.99,666.08,20.14,395.25,11.42,22.84
4.18,-0.04,18.27,-0.02,0.77,6.15,81.16,2.5,23.96,666.02,20.08,390.65,12.41,22.55
4.59,0.03,17.96,-0.17,0.77,6.41,88.05,2.69,24.05,665.87,20.2,374.63,7.64,24.96
3.99,0.03,17.94,-0.08,0.69,6.04,91.25,2.2,24.09,666.02,20.08,350.67,14.06,19.77
3.67,0.07,18.25,0.1,0.75,5.44,96.43,2.27,23.93,666.11,20.29,380.91,10.2,20.76
4.26,0.2,18.08,1.16,0.68,5.82,88.96,1.87,23.99,665.96,20.19,353.08,14.61,16.9
3.54,-0.02,18.03,0.88,0.81,8.83,82.95,2.04,23.89,666.14,20.18,354.45,5.16,22.03
4.52,-0.08,18.2,-0.06,0.82,3.95,87.96,1.47,23.75,666.13,20.27,354.62,7.09,27.6
3.72,-0.14,18.04,0,0.53,4.75,91.42,1.81,24.02,666.17,20.3,316.04,14.05,21.72
13.52,-0.07,18.28,0.03,0.54,4.04,99.99,1.44,24.06,666.03,20.2,131.19,13.38,23.21
4.91,0,18.17,-0.08,0.48,4.94,100.04,1.19,24.03,666.06,20.12,375.69,3.07,49.82
5.59,0.18,18.05,1.04,0.57,6.71,96.55,1.38,23.81,666.14,20.02,375.37,3.72,50.09
6.54,-0.05,18.32,0.95,0.62,7.01,97.57,1.3,23.96,666.04,20.13,392.17,2.82,49.96
9.28,0.02,18.04,0,0.49,6.17,100.01,1.08,23.78,665.95,20.14,365.99,9.62,50.07
8.41,0,18.17,1.05,0.58,5.82,89.58,0.98,24.14,665.96,20.21,348,8.96,49.87
11.2,0.12,18.13,0,0.57,4.94,100.2,1.17,23.89,666.02,20.17,397.12,34.68,13.92
18.71,0.25,18.23,-0.04,0.69,3.99,99.93,1.13,24.13,665.87,20.27,396.77,37.89,13.65
19.53,-0.05,18.26,-0.01,0.68,7.39,97.86,1.37,24.09,665.99,20.14,396.98,13.39,14.93
15.38,-0.05,18.1,-0.01,0.6,6.61,93.5,1.44,23.91,666.11,20.19,363.02,23.01,13.8
9.84,0.1,18.02,-0.04,0.69,6.68,98.72,1.35,23.89,665.78,20.32,396.75,21.27,13.12
23.87,0.07,18.15,-0.03,0.62,6.33,96.14,1.57,24.04,666.15,20.23,396.95,23.66,13.11
17.79,0.18,18.03,0.16,0.64,6.35,99.99,1.41,23.92,666.11,20.19,393.82,21.88,10.38
88.89,0.06,18.3,0.06,0.84,6.91,91.98,1.38,24.01,665.95,20.14,396.84,17.1,10.67
15.81,-0.04,18.11,-0.03,0.81,6.58,99.12,1.36,23.95,666.05,20.14,397.02,21.02,10.91
8.97,0.06,18.06,0.07,0.57,5.46,99.87,1.55,23.82,666,20.11,396.73,23.45,11.41
7.94,0.11,18.12,-0.03,0.78,5.6,99.95,1.5,23.78,666.12,20.15,396.75,24.46,12.32
20.01,0.08,17.97,0.12,0.78,4.44,91.14,1.54,24.02,666.1,20.28,285.84,30.51,8.85
16.83,0.05,18,0.04,0.59,5.46,98.09,1.47,23.94,665.86,20.18,396.9,30.91,7.17
24.43,0.11,18.22,-0.01,0.78,4.63,100.04,1.35,23.94,666.06,20.07,396.83,28.21,10.52
22.78,0.12,18.03,0.04,0.85,5.07,89.54,1.54,24.07,665.98,20.38,396.98,32,7.45
14.43,0.14,18,-0.16,0.59,4.89,99.82,1.66,24.12,666.01,20.23,372.97,30.58,10.14
8.09,0.06,18.15,-0.11,0.61,5.52,99.01,1.88,23.97,665.93,20.06,396.99,20.72,11.49
6.87,-0.02,18.22,-0.12,0.8,5.64,97.03,2.02,23.97,666.17,20.16,394.42,17.09,15.09
5.34,0.01,18.17,0.01,0.73,6.13,82.64,2.24,24.05,666.1,20.21,378.44,18.82,23.28
11.45,0.12,18.2,0.17,0.76,5.02,97.04,1.78,23.86,665.93,20.37,396.86,25.56,9.59
8.83,-0.08,18.02,0.22,0.73,6.19,92.71,1.83,24.02,665.87,20.09,397.11,15.25,13.79
13.48,0.04,17.96,0.06,0.73,5.9,94.75,1.91,24.06,665.96,20.3,396.82,16.27,12.89
8.67,-0.04,18.25,0.05,0.56,6.5,98.93,1.59,24.07,666.04,20.34,392.19,17.07,13.22
5.7,0,18.07,-0.18,0.8,6.39,96.05,1.64,23.81,666.02,20.14,396.9,19.42,12.63
7.81,0.13,18.07,-0.05,0.81,5.77,98.89,1.56,23.92,666.13,20.17,392.96,19.85,8.5
38.34,0.02,18.23,-0.08,0.67,5.61,100.23,1.53,23.91,666.08,20.1,397.04,30.59,5.03
10.04,0,18.16,-0.06,0.69,5.95,77.89,1.62,24.01,666.1,20.18,338.17,29.94,6.4
24.89,-0.14,18.15,-0.02,0.54,6.07,100.06,1.53,24.05,666.03,20.2,396.99,26.78,5.76
14.18,0.07,18.32,-0.05,0.74,6.3,99.87,1.34,24.15,665.86,20.27,397.02,20.08,7
9.6,0.06,18.04,-0.2,0.75,6.32,99.87,1.6,23.95,665.98,20.31,376.14,20.13,11.97
24.81,0.22,18.19,0.07,0.69,5.44,96.03,1.79,23.95,666.11,20.13,396.84,19.83,8.43
41.48,-0.03,18.11,-0.11,0.81,5.62,85.41,1.66,24.11,665.99,20,329.56,27.48,8.47
67.98,0.02,18.13,0.02,0.66,5.83,99.94,1.47,24.03,666.05,20.2,384.97,22.89,4.93
20.61,0.02,18.25,0.21,0.72,4.08,100.01,1.15,24.13,665.97,20.23,370.29,23.32,11.77
11.94,0.16,18.15,-0.09,0.56,5.59,100.16,1.16,24.03,665.9,20.22,331.87,12.16,27.84
7.42,-0.01,18.15,-0.25,0.59,5.45,97.97,1.51,23.88,665.99,20.17,314.68,26.47,17.06
14.49,0.03,18.21,-0.03,0.58,6.81,99.89,1.38,23.87,666.03,20.21,179.3,19.58,27.71
51.21,0.06,18.06,0.11,0.62,5.86,99.99,1.63,23.84,665.93,20.35,2.77,10.02,15
13.94,0.02,18.02,0.2,0.56,6.61,99.92,1.58,24.07,665.98,20.24,35.11,21.19,17.19
18.66,-0.04,18,-0.12,0.58,4.69,99.96,1.5,24.12,665.91,20.16,28.81,34.44,17.96
28.78,0.02,17.9,0.05,0.68,5.14,99.96,1.53,24.18,666.11,20.15,211.02,20.33,16.4
45.78,0.11,18.31,-0.05,0.65,4.55,99.95,1.65,24.08,665.97,20.18,88.17,36.96,7.09
18.01,-0.1,17.99,-0.01,0.52,6.32,99.87,1.81,24.12,666.15,20.36,27.41,28.91,7.31
10.99,0.01,18.08,0.26,0.85,6.79,90.79,1.93,23.94,666.15,20.18,21.77,25.83,7.44
25.95,-0.07,18.07,-0.15,0.82,5,89.04,1.67,23.88,665.99,20.2,127.4,26.77,10.37
73.65,0.12,18.13,0.03,0.55,5.94,99.71,1.73,24.09,665.9,20.15,16.61,20.63,8.88
11.82,-0.15,18.18,0.05,0.79,6.66,76.71,1.98,24.04,665.79,20.31,48.39,22.65,8.35
11.29,-0.06,18.19,0.11,0.67,6.53,100.11,1.86,24.01,665.85,20.4,318.67,15.12,16.7
7.2,0.04,18.04,0.01,0.74,6.08,95.26,1.95,24.04,665.86,20.25,319.98,15.77,14.24
12.02,0.16,18.08,0.03,0.64,5.69,87.6,1.89,24.03,666.14,20.21,291.59,14,20.88
7.15,-0.01,18.13,-0.04,0.59,6.26,84.98,2.06,24.13,666.01,20.2,2.48,23.33,13.22
8.86,-0.06,18.08,0.03,0.51,5.47,70.77,2.09,24.13,666.04,19.96,3.7,17.26,11.77
16,0.19,18.26,-0.03,0.61,6.07,95.59,1.72,24.05,665.78,20.27,7.71,24.51,8.28
12.15,-0.14,18.15,0.06,0.49,5.93,59.72,2.2,24.08,665.88,20.21,24.55,15.68,10.27
37.73,-0.22,18.17,-0.04,0.6,6.18,78.8,1.99,24.05,666.09,20.24,18.87,14.48,10.98
7.47,0.04,18.17,0.04,0.67,6.31,78.12,1.9,23.95,666.03,20.13,96.82,21.64,11.16
9.16,-0.05,18.22,0,0.61,6.27,95.47,1.86,24.08,665.99,20.16,60.74,23.96,9.64
8.37,-0.1,18.12,0.11,0.65,6.27,86.06,2.09,23.86,666.06,20.16,83.57,17.68,14.63
9.86,0.07,17.97,-0.01,0.73,6.77,94.31,2.1,24.11,666.16,20.3,81.21,19.55,14.24
6.42,0.02,18.14,-0.18,0.53,6.37,74.75,2.24,23.88,665.98,20.16,98,12.14,16.13
5.65,-0.06,18.03,0.13,0.74,6.33,87.88,2.33,24.03,666.01,20.41,100.07,16.19,14.3
14.06,-0.13,18.05,-0.09,0.76,6.33,94.99,2.27,23.92,666.02,20.24,100.52,15.3,11.79
11.17,0.09,18.16,-0.07,0.79,6.6,94.59,2.27,24.06,666.24,20.07,109.79,23.32,13.47
14.58,0.07,18.22,-0.06,0.75,6.5,93.31,2.06,24,665.79,20.19,27.4,17.93,9.57
15.04,-0.01,18.1,0.14,0.81,6.09,99.89,1.81,23.84,666.07,20.13,9.27,26.59,8.74
13.51,0.18,18.13,-0.21,0.79,5.75,87.83,1.96,24.04,665.99,19.98,68.93,34.18,8.4
9.39,-0.11,18.27,0.31,0.62,5.65,93.77,1.98,23.94,666.06,20.36,396.98,22.97,12.71
22.09,-0.15,18.12,0.11,0.83,5.63,92.5,2.18,24.09,665.93,20.27,391.42,22.03,10.63
9.72,-0.07,18.36,0.02,0.83,6.4,96.99,1.95,24,666,20.25,385.8,19.49,17.11
5.46,0,18.16,-0.01,0.66,6.08,100.12,2.03,24.04,666.07,20.22,395.8,16.6,18.6
9.96,0.02,17.92,0.03,0.74,6.68,100.14,1.77,23.9,666.31,20.06,386.65,18.78,15.24
12.67,-0.02,18.18,0.05,0.81,5.95,96.57,1.95,23.94,666.08,20.15,240.51,23.96,10.74
10.74,0.04,18.14,0.06,0.72,6.47,94.54,1.93,23.95,665.92,20.28,43.1,23.99,11.8
6.32,-0.13,18.23,0.06,0.85,6.47,96.36,2.26,24.09,665.96,20.09,318.03,17.52,15.01
9.83,0.14,18.17,0.01,0.98,6.17,96.59,2.12,24.17,665.95,19.95,388.63,16.47,12.64
9.28,-0.01,18.09,-0.02,0.63,6.24,98.6,2.09,23.92,665.82,20.18,396.95,18.1,14.13
7.42,0.11,17.98,-0.02,0.57,6.44,98.25,2.14,24.11,665.97,20.19,304.12,19.3,12.89
6.71,0.03,18.08,-0.02,0.74,6.78,92.75,2.13,23.78,666.07,20.21,0.54,17.4,13.28
5.54,0.05,18.01,0.11,0.79,6.78,98.27,2.43,23.88,665.87,20.27,355.31,17.81,15.23
4.99,0.06,18.04,0.06,0.69,6.37,91.71,2.16,23.9,666.1,20.26,385.08,17.38,15.96
8.3,0.04,18.16,-0.29,0.86,7.42,99.14,2.46,23.86,666.05,20.23,375.97,16.77,17.75
9.46,0.06,18.27,0.07,0.58,6.56,94.07,2.29,23.84,665.93,20.32,6.7,18.68,14.95
4.67,0.13,18.14,0.02,0.78,6.43,86.48,2.4,24.04,665.99,20.05,50.96,18.13,14
4.66,0.02,17.98,0,0.65,5.96,87.95,2.74,23.98,666.16,20.25,10.73,19.01,12.86
8.1,0.07,18.14,-0.04,0.88,5.95,80.25,2.82,24.04,666.07,20.26,3.47,16.86,13.62
7.7,-0.01,18.22,0.11,0.91,6.19,83.75,2.7,24.07,666,20.08,272.18,16.29,14.74
6.68,0.14,18.04,0.09,0.64,6.32,84.59,2.71,24.03,665.98,20.05,396.91,14.75,19.91
5.01,-0.07,18.09,-0.08,0.66,6.85,90.08,2.6,24.07,666.01,20.13,255.34,16.57,16.17
3.7,0.18,18.1,0.04,0.8,6.44,88.4,2.61,23.99,665.95,20.13,391.28,14.78,17.62
6.58,0,18.02,-0.1,0.67,6.32,82.98,2.6,23.88,665.79,20.28,396.7,13.92,19.58
5.84,-0.14,18.16,-0.14,0.71,6.49,89.86,2.86,24.11,666.2,20.14,393.76,10.37,20.16
7.83,0.01,18.09,-0.06,0.66,6.11,65.52,2.69,23.94,666.02,20.11,396.74,13.12,21.45
3.14,-0.07,18.14,0.09,0.46,5.77,48.14,3,23.91,666.04,20.14,334.36,14.2,19.75
3.84,0.08,18.01,0.1,0.65,5.98,84.7,2.82,23.98,665.99,20.31,22.06,17.1,19.08
4.5,-0.07,18.06,0.05,0.52,5.88,94.51,2.6,23.91,665.93,20.2,331.2,21.22,19.04
15.52,-0.04,18.17,0.07,0.53,5.96,70.95,2.91,23.96,665.98,20.18,368.6,18.16,19.1
13.02,-0.19,18.06,0.05,0.72,5.7,56.56,2.68,24.03,665.84,20.19,396.91,14.49,20.09
4.32,-0.05,18.27,-0.06,0.45,5.98,84.03,2.93,24.03,666.23,20.33,396.99,16.11,19.77
3.81,-0.24,18.06,0.04,0.61,6.14,90.69,3.12,23.91,665.88,20.13,395.16,12.85,19.48
3.42,-0.16,18.12,0.08,0.55,6.4,75.05,2.89,23.95,665.9,20.33,393.45,14.37,23.3
4.78,0.08,18.19,0.08,0.59,7.17,67.55,2.47,24.11,665.96,20.22,374.76,11.62,29.84
8.22,0.08,17.96,0.12,0.66,5.48,95.52,2.38,24.05,666.13,20.18,352.68,17.98,13.91
6.37,0.04,17.92,0.07,0.62,6.03,97.31,2.28,24.21,666,20.45,302.88,24.02,13.33
4.93,-0.1,17.95,0.04,0.67,6.53,93.77,2.25,24.12,665.88,20.09,396.43,18.72,16.71
15.05,0,18.23,0.11,0.71,5.15,97.13,2.09,24.11,666.13,20.16,349.44,24.97,11.83
10.54,0,18.04,0,0.58,6.29,96.74,2.39,23.86,666.07,20.08,379.71,18.03,14.57
14.45,-0.12,18.36,-0.09,0.55,6.18,88.05,1.81,24.08,666.05,20.3,383.28,13.23,21.4
5.81,0.15,18.04,-0.02,0.42,6.23,64.62,3.24,23.99,666.07,20.37,396.9,10.78,23.2
5.61,0.09,18.12,-0.07,0.45,6.88,74.94,3.41,23.94,666.24,20.37,393.22,7.67,23.77
5.57,-0.02,18.25,-0.07,0.83,6.93,77.13,3.34,24.02,666.22,20.32,395.15,6.98,25.15
2.84,0,18.3,-0.01,0.66,5.62,40.08,4.07,24.09,665.93,20.18,392.83,10.28,21.86
2.3,0.02,18.31,-0.08,0.45,5.81,41.95,3.65,24.05,666.16,20.16,370.87,13.33,20.53
3.53,-0.2,18.22,-0.03,0.45,6.42,51.65,3.97,23.91,666.04,20.03,388.72,10.69,21.21
5.63,-0.02,18.2,-0.19,0.63,5.96,79.7,3.71,24.07,666.05,20.4,392.64,15.05,19.12
4.73,-0.07,18.16,0.02,0.64,5.62,53.36,3.23,23.94,665.83,20.25,388.31,11.59,20.51
0.32,-0.1,27.82,0,0.66,5.41,92.64,1.91,4.02,710.98,20.05,395.12,18.03,15.16
0.27,-0.03,27.68,-0.08,0.58,5.47,98.18,1.61,3.97,710.92,20.23,344.2,24.1,6.98
0.21,0.18,27.66,0.07,0.6,5.21,97.98,1.71,3.98,711.08,20,318.44,29.66,8.26
0.25,0.06,27.74,0.09,0.64,5.94,99.01,1.58,4.08,711.11,20.14,390.21,18.22,13.39
0.12,-0.06,27.72,-0.16,0.62,5.94,83.32,2.03,3.9,710.79,20.08,397.16,13.35,20.22
0.09,0.06,9.64,-0.08,0.36,5.82,53.89,2.48,6.19,391,19.26,396.96,12.08,21.71
0.43,0.14,9.76,-0.08,0.56,5.74,42.75,2.43,5.82,391.11,19.19,396.9,13.74,24.36
0.23,0.09,9.79,-0.09,0.5,5.63,28.99,2.78,5.94,390.98,19.05,393.36,17.58,23.22
0.19,0.01,9.7,0.08,0.6,5.41,72.89,2.8,6.04,391.07,19.21,396.86,21.16,19.77
0.25,-0.06,9.84,-0.02,0.88,5.84,70.48,2.82,6.06,391.04,19.3,397.14,14.23,18.43
0.15,0.07,9.58,-0.03,0.62,5.97,65.51,2.43,5.99,391.03,19.2,396.92,12.91,21.28
0.04,0.04,9.67,-0.2,0.55,5.57,73.66,2.48,5.99,390.97,19.28,395.74,14.97,17.71
0.32,0.09,9.62,0.06,0.68,5.78,79.77,2.34,6.04,390.88,19.1,396.82,14.54,16.86
0.25,0.06,11.74,-0.12,0.62,6.53,69.02,2.51,0.98,272.89,21,392.1,9.62,22.38
-0.09,0.1,11.92,0.01,0.62,6.17,76.7,2.38,1.14,273.07,20.94,396.99,9.1,20.63
0.12,-0.05,11.92,0.03,0.63,6.88,90.98,2.13,1.08,273,21.07,396.85,5.76,24.02
0.04,0.13,12.08,0.14,0.78,6.8,89.33,2.46,1.09,272.99,21,393.51,6.42,21.92
0,0.02,11.99,-0.13,0.46,6.07,80.95,2.79,0.9,272.96,21.07,396.75,7.78,11.83
